Data negócio;Código IF;Instrumento financeiro;Código ISIN;Emissor;Data liquidação;Quantidade negociada;Preço mínimo;Preço médio;Preço máximo;Último preço;Preço de referência;Número de negócios;Volume financeiro (R$);Classificação do negócio;Oscilação
13/08/2026;LF002400I7D;LF;-;ITAU UNIBANCO S.A.;13/08/2026;36;65607,08406;65607,08406;65607,08406;65607,08406;65607,08406;2;2361855,02;INTRAGRUPO;-
13/08/2026;LFSC22002D3;LFSC;BRITUBLFI1J0;ITAU UNIBANCO HOLDING S.A;13/08/2026;6;349519,832436;349525,07539064;349530,318188;349519,832436;349525,07539064;2;2097150,44;INTRAGRUPO;-
13/08/2026;LF002400UJU;LF;-;ITAU UNIBANCO S.A.;13/08/2026;33;63296,274114;63296,274114;63296,274114;63296,274114;63296,274114;1;2088777,04;INTRAGRUPO;0,05
13/08/2026;LF002400MQ4;LF;-;ITAU UNIBANCO S.A.;13/08/2026;40;64797,62736;64797,62736;64797,62736;64797,62736;64797,62736;2;2591905,08;INTRAGRUPO;-
13/08/2026;LFSC22002D7;LFSC;BRITUBLFI1J0;ITAU UNIBANCO HOLDING S.A;13/08/2026;2;349519,832436;349525,07539059;349530,318188;349519,832436;349525,07539059;2;699050,14;INTRAGRUPO;-
13/08/2026;LF0021006L5;LF;-;BANCO SAFRA S/A;13/08/2026;4;81998,8;81998,8;81998,8;81998,8;81998,8;1;327995,2;INTRAGRUPO;-
13/08/2026;LF002500BXS;LF;-;ITAU UNIBANCO S.A.;13/08/2026;20;60756,02431;60756,02431;60756,02431;60756,02431;60756,02431;2;1215120,48;INTRAGRUPO;-
13/08/2026;LF002400Q6S;LF;-;ITAU UNIBANCO S.A.;13/08/2026;16;64123,49777;64123,49777;64123,49777;64123,49777;64123,49777;2;1025975,96;INTRAGRUPO;-
13/08/2026;LF002500AZU;LF;-;ITAU UNIBANCO S.A.;13/08/2026;34;60022,50116;60022,50116;60022,50116;60022,50116;60022,50116;4;2040765,02;INTRAGRUPO;0,05
13/08/2026;LF002100GCQ;LF;-;BANCO SAFRA S/A;13/08/2026;1;81972,16;81972,16;81972,16;81972,16;81972,16;1;81972,16;INTRAGRUPO;-
13/08/2026;LFSC2500BF5;LFSC;BRBCXPLFIQR4;BANCO XP S/A;13/08/2026;1;317687,578795;317687,578795;317687,578795;318226,05688;318118,63617946;1;317687,57;INTRAGRUPO;0,02
13/08/2026;LF002400OR0;LF;BRMCSFLFI0V0;MERCADO CREDITO SOCIEDADE DE CREDITO FINANCIAMENTO E INVESTIMENTO SA;13/08/2026;352;64696,893167;64697,58484139;64698,276501;64696,599108;64697,47645783;4;22773549,84;EXTRAGRUPO;-
13/08/2026;LFSC25002MT;LFSC;BRITUBLFI1Z6;ITAU UNIBANCO HOLDING S.A;13/08/2026;22;324699,395755;324790,58585908;324881,724786;324709,395755;324776,55999182;3;7145392,31;EXTRAGRUPO;-
13/08/2026;LF0024013YO;LF;-;ITAU UNIBANCO S.A.;13/08/2026;68;62453,2369;62453,23728294;62453,23732;62453,23732;62453,23728294;6;4246820,12;INTRAGRUPO;-
13/08/2026;LFSN250093T;LFSN;BRBRSRLFI414;BANCO DO ESTADO DO RIO GRANDE DO SUL S/A;13/08/2026;2;417214,345501;417377,74180537;417541,010274;417541,010274;417377,74180537;2;834755,35;EXTRAGRUPO;-0,02
13/08/2026;LFSC23006TE;LFSC;BRITUBLFI1R3;ITAU UNIBANCO HOLDING S.A;13/08/2026;20;403675,871111;403681,92643082;403687,981569;403675,871111;403681,92643082;2;8073638,52;INTRAGRUPO;-
13/08/2026;LF002600ENT;LF;BRBPSALFI0F6;STELLANTIS FINANCIAMENTOS SOCIEDADE DE CREDITO FINANCIAMENTO E INVESTIMENTO S.A.;13/08/2026;10;51982,65790489;51982,65790489;51982,65790489;51982,65790489;51927,86712863;1;519826,57;INTRAGRUPO;-
13/08/2026;LF002600LTG;LF;BRDAYCLTFCJ4;BANCO DAYCOVAL S/A;13/08/2026;24;50435,954463;50450,59198192;50465,221012;50435,954463;50450,59198192;2;1210814,1;EXTRAGRUPO;-
13/08/2026;LF002400V0Z;LF;BRBFIALFI697;BANCO STELLANTIS S.A.;13/08/2026;328;63577,918105;63578,99020216;63578,993854;63577,918105;63577,36125846;3;20853908,77;INTRAGRUPO;-
13/08/2026;LF002100CLI;LF;-;BANCO SAFRA S/A;13/08/2026;1;83589,48;83589,48;83589,48;83589,48;83589,48;1;83589,48;INTRAGRUPO;-
13/08/2026;LFSC2500672;LFSC;BRITUBLFI233;ITAU UNIBANCO HOLDING S.A;13/08/2026;8;309521,118603;309523,4400464;309525,761455;309525,761455;309523,4400464;2;2476187,51;INTRAGRUPO;0,05
13/08/2026;LF002600LTF;LF;BRDAYCLTFCI6;BANCO DAYCOVAL S/A;13/08/2026;18;50413,252067;50418,16834682;50423,083668;50423,083668;50418,16834682;2;907527,01;INTRAGRUPO;-
13/08/2026;LFSC22002D5;LFSC;BRITUBLFI1J0;ITAU UNIBANCO HOLDING S.A;13/08/2026;2;349519,832436;349525,07539059;349530,318188;349519,832436;349525,07539059;2;699050,14;INTRAGRUPO;-
13/08/2026;LFSC22002D6;LFSC;BRITUBLFI1J0;ITAU UNIBANCO HOLDING S.A;13/08/2026;2;349519,832436;349525,07539059;349530,318188;349530,318188;349525,07539059;2;699050,14;INTRAGRUPO;-
13/08/2026;LF002500FI9;LF;BRBBDCLFCCE7;BANCO BRADESCO S/A;13/08/2026;13;49880,80758305;50756,484036;51080,92324308;49880,80758305;50756,484036;4;659814,93;INTRAGRUPO;2,84
13/08/2026;LF002400GVT;LF;-;ITAU UNIBANCO S.A.;13/08/2026;2;65870,34985;65870,34985;65870,34985;65870,34985;65870,34985;2;131740,68;INTRAGRUPO;-
13/08/2026;LF002500R3B;LF;-;ITAU UNIBANCO S.A.;13/08/2026;110;54729,53116;54729,53116;54729,53116;54729,53116;54729,53116;2;6020248,42;INTRAGRUPO;-
13/08/2026;LF002500B74;LF;BRCAMRLFI3G1;BANCO RCI BRASIL S.A.;13/08/2026;44;60722,40748;60722,86290441;60723,318322;60723,318322;60722,86290441;4;2671805,95;INTRAGRUPO;-
13/08/2026;LFSC26004BL;LFSC;BRITUBLFI282;ITAU UNIBANCO HOLDING S.A;13/08/2026;41;311425,496786;311779,87391502;311913,78584;311425,496786;311779,87391502;3;12782971;EXTRAGRUPO;0,05
13/08/2026;LF002600LLD;LF;BRMCSFLFI1F1;MERCADO CREDITO SOCIEDADE DE CREDITO FINANCIAMENTO E INVESTIMENTO SA;13/08/2026;26;50461,401836;50462,15877934;50462,9157;50462,9157;50462,15877935;4;1312016,11;INTRAGRUPO;-
13/08/2026;LF002100ELL;LF;-;BANCO SAFRA S/A;13/08/2026;1;82372,76;82372,76;82372,76;82372,76;82372,76;1;82372,76;INTRAGRUPO;-
13/08/2026;LF0025001UP;LF;BRAGBKLFI1Z1;BANCO AGIBANK S/A;13/08/2026;84;63458,331416;63459,28331927;63460,235194;63458,331416;63459,28331927;4;5330579,78;INTRAGRUPO;-
13/08/2026;LF002400V8K;LF;-;ITAU UNIBANCO S.A.;13/08/2026;64;63313,21817;63313,21817;63313,21817;63313,21817;63313,21817;4;4052045,94;INTRAGRUPO;-
13/08/2026;LF0021003VC;LF;-;BANCO SAFRA S/A;13/08/2026;1;83718,85;83718,85;83718,85;83718,85;83718,85;1;83718,85;INTRAGRUPO;-
13/08/2026;LFSC2500BF5;LFSC;BRBCXPLFIQR4;BANCO XP S/A;13/08/2026;61;317981,121247;318125,69296264;318226,05688;318226,05688;318118,63617946;6;19405665,37;EXTRAGRUPO;0,02
13/08/2026;LFSC25002S2;LFSC;BRITUBLFI209;ITAU UNIBANCO HOLDING S.A;13/08/2026;32;324699,395755;324841,85779995;324881,724786;324881,724786;324841,85779995;4;10394938,88;EXTRAGRUPO;-
13/08/2026;LF002400OQG;LF;-;ITAU UNIBANCO S.A.;13/08/2026;42;66127,14452;66127,14452;66127,14452;66127,14452;66127,14452;2;2777340,06;INTRAGRUPO;-
13/08/2026;LF00210044H;LF;-;BANCO SAFRA S/A;13/08/2026;3;83493,15;83493,15;83493,15;83493,15;83493,15;1;250479,45;INTRAGRUPO;-
13/08/2026;LFSC24007ER;LFSC;BRITUBLFI1Y9;ITAU UNIBANCO HOLDING S.A;13/08/2026;2;336911,757228;336916,81105582;336921,864732;336921,864732;336916,8110558;2;673833,61;INTRAGRUPO;0,06
13/08/2026;LFSC22002DG;LFSC;BRITUBLFI1J0;ITAU UNIBANCO HOLDING S.A;13/08/2026;12;349519,832436;349525,07539063;349530,318188;349519,832436;349525,07539063;2;4194300,89;INTRAGRUPO;-
13/08/2026;LF002500APP;LF;-;ITAU UNIBANCO S.A.;13/08/2026;46;71961,85253;71961,85253;71961,85253;71961,85253;71961,85253;2;3310245,2;INTRAGRUPO;-
13/08/2026;LF002600ENT;LF;BRBPSALFI0F6;STELLANTIS FINANCIAMENTOS SOCIEDADE DE CREDITO FINANCIAMENTO E INVESTIMENTO S.A.;13/08/2026;10;51872,960485;51872,960485;51872,960485;51982,65790489;51927,86712863;1;518729,6;EXTRAGRUPO;-
13/08/2026;LF002600LL7;LF;BRMCSFLFI1E4;MERCADO CREDITO SOCIEDADE DE CREDITO FINANCIAMENTO E INVESTIMENTO SA;13/08/2026;226;50458,690254;50459,44715735;50460,204038;50460,204038;50459,44715735;2;11403835,04;EXTRAGRUPO;-
13/08/2026;LF002500B9N;LF;-;ITAU UNIBANCO S.A.;13/08/2026;44;139467,8866;139467,8866;139467,8866;139467,8866;139467,8866;2;6136587;INTRAGRUPO;-
13/08/2026;LF0024008K8;LF;BRPTSGLFI2S9;PORTOSEG S.A. CREDITO FINANCIAMENTO E INVESTIMENTO;13/08/2026;42;68636,844992;68637,35977586;68637,874552;68637,874552;68637,35977586;8;2882769,05;INTRAGRUPO;-
13/08/2026;LFSC23006T4;LFSC;BRITUBLFI1R3;ITAU UNIBANCO HOLDING S.A;13/08/2026;56;403675,871111;403681,92643082;403687,981569;403675,871111;403681,92643082;2;22606187,87;INTRAGRUPO;-
13/08/2026;LFSC250099E;LFSC;BRITUBLFI241;ITAU UNIBANCO HOLDING S.A;13/08/2026;20;344106,537558;344111,69931042;344116,860908;344116,860908;344111,69931042;4;6882233,96;INTRAGRUPO;-
13/08/2026;LF002400V0Z;LF;BRBFIALFI697;BANCO STELLANTIS S.A.;13/08/2026;326;63575,722237;63575,722237;63575,722237;63577,918105;63577,36125846;8;20725685,41;EXTRAGRUPO;-
13/08/2026;LFSC25002MT;LFSC;BRITUBLFI1Z6;ITAU UNIBANCO HOLDING S.A;13/08/2026;4;324689,395755;324699,39606297;324709,395755;324709,395755;324776,55999182;2;1298797,58;INTRAGRUPO;-
13/08/2026;LFSC22002DF;LFSC;BRITUBLFI1J0;ITAU UNIBANCO HOLDING S.A;13/08/2026;22;349519,832436;349525,07539064;349530,318188;349519,832436;349525,07539064;2;7689551,65;INTRAGRUPO;-
13/08/2026;LF002500EU5;LF;BRBVKWLFICP1;BCO VOLKSWAGEN S/A;13/08/2026;2;58721,4155;58721,8559173;58722,296328;58722,296328;58721,8559173;2;117443,7;INTRAGRUPO;-
13/08/2026;LF002600LLD;LF;BRMCSFLFI1F1;MERCADO CREDITO SOCIEDADE DE CREDITO FINANCIAMENTO E INVESTIMENTO SA;13/08/2026;110;50461,401836;50462,15877935;50462,9157;50462,9157;50462,15877935;2;5550837,46;EXTRAGRUPO;-
13/08/2026;LF002400KPX;LF;-;ITAU UNIBANCO S.A.;13/08/2026;16;65135,85398;65135,85398;65135,85398;65135,85398;65135,85398;2;1042173,66;INTRAGRUPO;-
13/08/2026;LFSC24007ER;LFSC;BRITUBLFI1Y9;ITAU UNIBANCO HOLDING S.A;13/08/2026;20;336911,757228;336916,8110558;336921,864732;336921,864732;336916,8110558;2;6738336,21;EXTRAGRUPO;0,06
13/08/2026;LFSC22002DE;LFSC;BRITUBLFI1J0;ITAU UNIBANCO HOLDING S.A;13/08/2026;42;349519,832436;349525,07539064;349530,318188;349519,832436;349525,07539064;2;14680053,16;INTRAGRUPO;-
13/08/2026;LF002600HFX;LF;BRNUFNLFI7O2;NU FINANCEIRA SA SOCIEDADE DE CREDITO FINANCIAMENTO E INVESTIMENTO;13/08/2026;696;51281,33126407;51281,33126407;51281,33126407;51281,33126407;51281,33126407;2;35691806,54;INTRAGRUPO;0,03
13/08/2026;LF002400JOC;LF;-;ITAU UNIBANCO S.A.;13/08/2026;2;65318,70636;65318,70636;65318,70636;65318,70636;65318,70636;2;130637,4;INTRAGRUPO;-
13/08/2026;LFSC25009EX;LFSC;BRITUBLFI258;ITAU UNIBANCO HOLDING S.A;13/08/2026;8;343767,567862;343772,72453034;343777,881044;344205,680778;343893,33804113;2;2750181,79;EXTRAGRUPO;0,05
13/08/2026;LF0025008HL;LF;BRMCSFLFI0Z1;MERCADO CREDITO SOCIEDADE DE CREDITO FINANCIAMENTO E INVESTIMENTO SA;13/08/2026;586;60893,65784123;60893,65784123;60893,65784123;60893,65784123;60893,65784123;2;35683683,48;INTRAGRUPO;-
13/08/2026;LF0025001UP;LF;BRAGBKLFI1Z1;BANCO AGIBANK S/A;13/08/2026;88;63458,331416;63459,28331927;63460,235194;63458,331416;63459,28331927;2;5584416,92;EXTRAGRUPO;-
13/08/2026;LF002500DY7;LF;BRBCGMLFI9W7;BANCO GM S.A;13/08/2026;1112;59473,19749275;59473,19749275;59473,19749275;59473,19749275;59473,19749275;6;66134195,58;INTRAGRUPO;-
13/08/2026;LFSC24004NX;LFSC;BRITUBLFI1X1;ITAU UNIBANCO HOLDING S.A;13/08/2026;10;335236,17473;335320,05404458;335403,891416;335403,891416;335320,05404458;2;3353200,32;EXTRAGRUPO;-
13/08/2026;LFSC22002DA;LFSC;BRITUBLFI1J0;ITAU UNIBANCO HOLDING S.A;13/08/2026;4;349311,811166;349311,811166;349311,811166;349311,811166;349311,811166;1;1397247,24;EXTRAGRUPO;0,12
13/08/2026;LFSC250099E;LFSC;BRITUBLFI241;ITAU UNIBANCO HOLDING S.A;13/08/2026;8;344106,537558;344111,69931041;344116,860908;344116,860908;344111,69931042;2;2752893,59;EXTRAGRUPO;-
13/08/2026;LFSC22002DM;LFSC;BRITUBLFI1J0;ITAU UNIBANCO HOLDING S.A;13/08/2026;2;349519,832436;349525,07539059;349530,318188;349519,832436;349525,07539059;2;699050,14;INTRAGRUPO;-
13/08/2026;LF002400OR0;LF;BRMCSFLFI0V0;MERCADO CREDITO SOCIEDADE DE CREDITO FINANCIAMENTO E INVESTIMENTO SA;13/08/2026;28;64695,628666;64696,11389064;64696,599108;64696,599108;64697,47645783;6;1811491,15;INTRAGRUPO;-
13/08/2026;LF0021007RJ;LF;BRBEVELFNF24;BCO VOTORANTIM S/A;13/08/2026;7;85006,32121616;85154,68746897;85265,62375954;85265,62375954;85154,68746897;2;596081,45;INTRAGRUPO;2,18
13/08/2026;LF0025008R8;LF;-;ITAU UNIBANCO S.A.;13/08/2026;74;60541,94756;60541,94756;60541,94756;60541,94756;60541,94756;2;4480104,1;INTRAGRUPO;-
13/08/2026;LF002400U9T;LF;-;ITAU UNIBANCO S.A.;13/08/2026;42;63447,72671;63447,72671;63447,72671;63447,72671;63447,72671;2;2664804,52;INTRAGRUPO;-
13/08/2026;LFSC22002DD;LFSC;BRITUBLFI1J0;ITAU UNIBANCO HOLDING S.A;13/08/2026;6;349519,832436;349525,07539064;349530,318188;349519,832436;349525,07539064;2;2097150,44;INTRAGRUPO;-
13/08/2026;LF0026004E3;LF;BRBCOCLFI4N9;BANCO C6 S.A.;13/08/2026;12;53823,67566;53827,00919992;53830,342327;53830,342327;53827,00919992;2;645924,1;INTRAGRUPO;-
13/08/2026;LF002500Q2X;LF;BRBVKWLFID56;BCO VOLKSWAGEN S/A;13/08/2026;726;55058,38733712;55058,38733712;55058,38733712;55058,38733712;55058,38733712;2;39972389,2;INTRAGRUPO;0,05
13/08/2026;LFSC22002DL;LFSC;BRITUBLFI1J0;ITAU UNIBANCO HOLDING S.A;13/08/2026;20;349519,832436;349525,07539064;349530,318188;349519,832436;349525,07539064;2;6990501,5;INTRAGRUPO;-
13/08/2026;LF002400IF2;LF;-;ITAU UNIBANCO S.A.;13/08/2026;314;82500,66524;82500,66524;82500,66524;82500,66524;82500,66524;2;25905208,88;INTRAGRUPO;-
13/08/2026;LF002600LL7;LF;BRMCSFLFI1E4;MERCADO CREDITO SOCIEDADE DE CREDITO FINANCIAMENTO E INVESTIMENTO SA;13/08/2026;50;50458,690254;50459,44715735;50460,204038;50460,204038;50459,44715735;4;2522972,34;INTRAGRUPO;-
13/08/2026;LFSC25009EX;LFSC;BRITUBLFI258;ITAU UNIBANCO HOLDING S.A;13/08/2026;42;343767,567862;343916,30246001;344205,680778;344205,680778;343893,33804113;8;14444479,64;INTRAGRUPO;0,05
13/08/2026;LF002400OI1;LF;-;ITAU UNIBANCO S.A.;13/08/2026;21;64461,15784;64461,15784;64461,15784;64461,15784;64461,15784;3;1353684,3;INTRAGRUPO;-
13/08/2026;LF002500EU2;LF;BRDAYCLTF736;BANCO DAYCOVAL S/A;13/08/2026;62;58709,750703;58712,34226038;58714,933589;58714,933589;58712,34226038;2;3640165,21;EXTRAGRUPO;-
